PersonID,FirstName,MiddleName,LastName,Gender
1,Aritra,Kumar,Das,M
2,Binay,Ranjan,Seth,M
3,Athin,,Ray,M
4,Abhijit,,Pal,M
5,Mohammad,,Iqbal,M
6,Jaspreet,,Singh,M
7,Tiyasha ,,Dey,F
8,Gustavo ,,Gaviria,M
9,Ashutosh,,Kumar,M
10,Paritosh,,Acharya,M
11,Vinay,Prashant,Tamang,M
12,Ajit,,Agarwal,M
13,Sachin,Lal,Bore,M
14,Rajat,,Prasad,M
15,Nazreen,,Sultana,F
16,Ajit,Kumar,Ray,M
17,Animesh,,Paul,M
18,Rakesh,,Agarwal,M
19,Preeti,,Kapoor,F
20,Pranjoli,,Das,F
21,Arif,,Khan,M
22,John,William,Samuels,M
23,Joseph,,Bale,M
24,Prakash,,Jha,M
25,Binita,,Banerjee,F
26,Arindam,,Chatterjee,M
27,Vinay,,Prasad,M
28,Gobinda,,Pawar,M
29,Akito,,Pzeswang,M
30,Amrita,,Biswas,F
31,Parul,,Shanti,F
32,Asit,,Lal,M
33,Pramila,Deb,Roy,F
34,Debosmita,,Mukherjee,F
35,Anindya,,Mondal,M
36,Rajarshi,,Mondal,M
37,Shinjini,,Palit,F
38,Mainak,,Das,M
39,Jhilik,,Bhuiya,F
40,Johor,,Dasgupta,M
41,Emilia,,Hans,F
42,Asmita,,Sen,F
43,Elon,,Musk,M
44,Bill,,Gates,M
45,Steve,,Jobs,M
46,Jeff,,Bezos,M
47,Pakhi,,Sengupta,F
48,Shamshad,,Khatun,F
49,Alivia,,De,F
50,Dimple,,Kapadia,F
51,Akshay,,Kumar,M
52,Deepa,,Modi,F
53,Dashrath,,Choudhary,M
54,Yaseen,,Malik,M
55,Kalu,,Dalit,M
56,Golu,,Pandit,M
57,Prasenjit,,Singh,M
58,Alivia,,Ghising,F
59,Alokananda,,Biswas,F
60,Akriti,,Bhattacharyya,F
61,Deepak,,Adhikary,M
62,Apratim,,Majhi,M
63,Anshu,,Gupta,M
64,Ashutosh,,Borwankar,M
65,Mehul,,Chowksi,M
66,Meher,,Sheikh,F
67,Sumaira,,Sheikh,F
68,Khaleed,,Zaveri,M
69,Alokananda,,Mangal,M
70,Hoshiyar,,Sharma,M
71,Imandar,,Sharma,M
72,Venugopal,,Rao,M
73,Tim,,Southee,M
74,Javed,,Miandad,M
75,Joy,Deb,Mallick,M
76,Jaya,,Ehsan,F
77,Ashish,,Chandani,M
78,Bhola,,Biswas,M
79,Simran,,Jha,F
80,Jhilik,,Santra,F
81,Anindya,Kumar,Chatterjee,M
82,Asad,,Karim,M
83,Nauman,,Sheikh,F
84,Zheng,Ding,Lao,M
85,Shaheer,,Ashraf,M
86,Nourin,,Zamal,F
87,Vinayi,,Gour,F
88,Gopalika,,Krishnan,F
89,Komolika,,Tudu,F
90,Sangeeta,,Hansda,F
91,Parvati,,Kumari,F
92,Arzoo,,Khan,F
93,Mark,,Zuckerberg,M
94,Allahu,,Akbar,M
95,Jaya,Shree,Ram,F
96,Alivia,,Pinky,F
97,Salman,Al,Saud,M
98,Salman,,Khan,M
99,Lin,,Niao,M
100,Kamsing,,Samson,M
101,Noguen,,Jose,F
102,Jasveer,,Vignesh,F
103,Manthan,,Pran,M
104,Ashia,,Fish,F
105,Alicia,,Goldie,F
106,Aliki,,Atulkar,F
107,Ausho,,Jaid,F
108,Sassie,,Sebastian,F
109,Sedie,,Sebastian,F
110,Ajitesh,,Nayabaz,M
111,Pupu,,Chatterjee,M
112,Saoond,,Sivam,M
113,Dolika,,Sethia,F
114,Avaam,,Singh,M
115,Ayan,,Shivam,M
116,Alpitam,,Banik,M
117,Sadashiv,,Alam,M
118,Shazam,,Saudhgar,M
119,Isaac,,Asimov,M
120,Ilias,Grey,Eugeny,M
121,Elphinstone,,Jefferson,M
122,Alpha,,Male,M
123,Sourojit,,Sharmah,M
124,Vikas,Mohan,Verma,M
125,Surjit,Singh,Ahluwalia,M
126,Manmohan,,SIngh,M
127,Amol,,Palkar,M
128,Nirmal,,Dakiya,M
129,Didier,,Jihadi,M
130,Jonas,,Jode,M
131,Janice,,Jode,F
132,Laikam,,Kiran,M
133,Jayesh,,Like,M
134,Narendra,Damodardas,Modi,M
135,Jaanu,,Shona,M
136,Amol,,Parrikar,M
137,Alok,,Alamgir,M
138,Pee,Vee,Sindhu,F
139,Sania,,Mirza,F
140,Eugeny,,Bouchard,F
141,Alikee,,Jasmine,F
142,Priyanka,Gandhi,Vadra,F
143,Sonia,,Gandhi,F
144,Neeti,,Mohan,F
145,Shanice,,Shrestha,F
146,Sonia,,Modi,F
147,Neeti,,Shah,F
148,Shanice,,Sharma,F
149,Sonia,,Joshi,F
150,Neeti,,Modi,F
151,Shanice,,Shah,F
152,Sonia,,Sharma,F
153,Neeti,,Joshi,F
154,Shanice,,Verma,F
155,Sonia,,Sarabai,F
156,Neeti,,Sarkar,F
157,Shanice,,Gowda,F
158,Sahi,,Bata,F
159,Djakstra,,Aizawl,F
160,Nirmala,,Sitaraman,F
161,Bimala,,Pollikar,F
162,Smriti,Zubin,Irani,F
163,Naina,,Chatuvedi,F
164,Nancy,,Drew,F
165,Nirmala,,Priya,F
166,Augustus,,January,M
167,Aiyo,,Rama,M
168,Mini,,Ayub,M
169,Maxi,,Ayub,M
170,Alka,,Yagnik,F
171,Vinita,,Sadhu,F
172,Harshita,,Sandhu,F
173,Alka,,Das,F
174,Vinita,Vibhash,Roy,F
175,Harshita,,Dasgupta,F
176,Alka,,Sengupta,F
177,Vinita,,Ghosh,F
178,Harshita,,Punia,F
179,Alka,,Dwivedi,F
180,Vinita,,Ghosh,F
181,Harshita,,Punia,F
182,Visakha,,Dwivedi,F
183,Patila,,Ghosh,F
184,Pronamika,,Punia,F
185,Atika,,Dwivedi,F
186,Lakona,,Mahato,F
187,Arpit,,Panda,M
188,Nilava,,Das,M
189,Neelav,,Raj,M
190,Arpit,,Mahta,M
191,Nilava,,Badalia,M
192,Neelav,,Jain,M
193,Arpit,,Bararia,M
194,Nilava,,Ganesh,M
195,Budhaditya,,Raj,M
196,Animesh,Vishal,Mahta,M
197,Swagatam,,Badalia,M
198,Rishabh,,Jain,M
199,Agnik,,Bararia,M
200,Arpita,,Mallick,F
201,Anamika,,Mehul,F
202,Anomaly,,Girl,F
203,Tulika,,Tulsi,F
204,Chahat,,Chahal,F
205,Paroma,,Banerjee,F
206,Sankar,Nath,Dutta,M
207,Sonali,,Bendre,F
208,Atul,,Kumaran,M
209,Avik,,Ghose,M
210,Aishik,,Datta,M
211,Dhananjoy,,Dey,M
212,Dhana,,Nanda,M
213,Alisia,,Noel,F
214,Christian,,Bale,M
215,Thanos,,Kumar,M
216,Rishabh,,Ajay,M
217,The,,Joker,M
218,Sachin,,Tendulkar,M
219,Sourav,,Ganguly,M
220,Virender,,Sehwag,M
221,Ajitesh,,Agarkar,M
222,Ishant,,Sharma,M
223,Ravi,,Shastri,M
224,Virat,,Kohli,M
225,VVS,,Laxman,M
226,Ajay,,Jadeja,M
227,Paroma,,Anand,F
228,Vinayi,,Shastri,F
229,Ajitesh,,Kundu,M
230,Cristiano,,Ronaldo,M
231,Robin,Van,Persie,M
232,Christopher,,Columbus,M
233,Donald,,Trump,M
234,HIllary,,Clinton,F
235,Lewis,,Hamilton,M
236,Narendra,,Modi,M
237,Rajnath,,Singh,M
238,Pablo,Emilio,Escobar,M
239,Tata,,Escobar,F
240,Hermilda,,Escobar,F
241,Juan,Emilio,Escobar,M
242,Camila,,Cabello,F
243,Colonel,,Carillo,M
244,Juan,,Sanchez,M
245,Raghab,,Biswas,M
246,Paridhi,,Bhardwaj,F
247,Atul,Anand,Jha,M
248,Hugo,,Sanchez,M
249,Alfredo,,Pasta,M
250,Jomio,,Paolo,M
251,Guaido,,Batista,M
252,Palak,,Muchhal,F
253,Koolie,,Roy,M
254,Jivan,,Sen,M
255,Sangram,,Basu,M
256,Biplab,,Bose,M
257,Anirban,,Bhaduri,M
258,Ritwik,,Ghosal,M
259,Hansraj,,Hathi,M
260,Jethalal,,Gada,M
261,Popatlal,,Patrakar,M
262,Bin,,Laden,M
263,Barack,,Obama,M
264,Bill,,Clinton,M
265,William,,Smith,M
266,Koolie,,Escobar,M
267,Jivan,,Cabello,M
268,Sangram,,Carillo,M
269,Biplab,,Sanchez,M
270,Anirban,,Biswas,M
271,Ritwik,,Bhardwaj,M
272,Hansraj,,Jha,M
273,Jethalal,,Sanchez,M
274,Popatlal,,Pasta,M
275,Jodie,,Paolo,F
276,Barack,,Batista,M
277,Bill,,Muchhal,M
278,William,,Roy,M
279,Koolie,,Sen,M
280,Jivan,,Basu,M
281,Sangram,,Bose,M
282,Biplab,,Bhaduri,M
283,Anirban,,Ghosal,M
284,Ritwik,,Hathi,M
285,Hansraj,,Gada,M
286,Jethalal,,Patrakar,M
287,Popatlal,,Laden,M
288,Bin,,Obama,M
289,Barack,,Clinton,M
290,Bill,,Smith,M
291,Will,,Smith,M
292,Jinny,,Ohm,M
293,Johny,,Watt,M
294,Nicola,,Tesla,M
295,Alfred,,Hitchkok,M
296,Didier,,Drogba,M
297,Martinez,,Juan,M
298,Joùse,,Ramirez,M
299,Pinku,,Mama,M
300,Bubai,,Kaka,M
301,Aveek,,Choudhary,M
302,Abhijit,,Banerjee ,M
303,Abhishek,,Bachhan,M
304,John,,Abraham,M
305,Shahrukh,,Khan,M
306,Shahid,,Kapoor,M
307,Tanvir,,Shoaib,M
308,Ranveer,,Singh,M
309,Badshah,,Patel,M
310,Maine,,Kaha,M
311,Kya,,Karoon,M
312,Abhi,,Najao,M
313,Chhorke,,Yedil,M
314,Abhibhara,,Nahi,M
315,Will,,Jha,M
316,Jinny,,Sanchez,M
317,Johny,,Pasta,M
318,Nicola,,Paolo,M
319,Alfred,,Batista,M
320,Didier,,Muchhal,M
321,Martinez,,Roy,M
322,Joùse,,Sen,M
323,Pinku,,Basu,M
324,Bubai,,Bose,M
325,Aveek,,Bhaduri,M
326,Abhijit,,Ghosal,M
327,Abhishek,,Hathi,M
328,John,,Gada,M
329,Shahrukh,,Patrakar,M
330,Shahid,,Laden,M
331,Tanvir,,Obama,M
332,Ranveer,,Clinton,M
333,Badshah,,Smith,M
334,Maine,,Escobar,M
335,Kya,,Cabello,M
336,Abhi,,Carillo,M
337,Chhorke,,Sanchez,M
338,Abhibhara,,Biswas,M
339,Will,,Bhardwaj,M
340,Jinny,,Jha,M
341,Johny,,Sanchez,M
342,Nicola,,Pasta,M
343,Alfred,,Paolo,M
344,Didier,,Batista,M
345,Martinez,,Muchhal,M
346,Joùse,,Roy,M
347,Pinku,,Sen,M
348,Bubai,,Basu,M
349,Aveek,,Bose,M
350,Abhijit,,Bhaduri,M
351,Abhishek,,Ghosal,M
352,John,,Hathi,M
353,Shahrukh,,Gada,M
354,Shahid,,Patrakar,M
355,Tanvir,,Laden,M
356,Ranveer,,Obama,M
357,Badshah,,Clinton,M
358,Maine,,Smith,M
359,Kya,,Smith,M
360,Abhi,,Ohm,M
361,Chhorke,,Watt,M
362,Abhibhara,,Tesla,M
363,Will,,Hitchkok,M
364,Jinny,,Drogba,M
365,Johny,,Juan,M
366,Nicola,,Ramirez,M
367,Alfred,,Mama,M
368,Didier,,Kaka,M
369,Martinez,,Choudhary,M
370,Joùse,,Banerjee ,M
371,Pinku,,Bachhan,M
372,Bubai,,Abraham,M
373,Aveek,,Khan,M
374,Abhijit,,Kapoor,M
375,Abhishek,,Shoaib,M
376,John,,Singh,M
377,Shahrukh,,Patel,M
378,Sunn,,Kaha,M
379,Meridian,,Karoon,F
380,Nikolai,,Najao,M
381,Maduro,,Yedil,M
382,Yemma,,Nahi,M
383,Johor,,Jha,M
384,Xavier,,Sanchez,M
385,Alhamdulillah,,Astaghfirullah,M
386,Janavi,,Jana,M
387,Poisson,,Distribution ,M
388,Gay,,Lussac,M
389,Sesky,,Lily,M
390,Lloyd,,Clive,M
391,Robert,,Peterson,M
392,Matthew,,Gaugh,M
393,Robin,Van,Persie,M
394,Raven,,Revathi,M
395,Tiyush,,Pal,M
396,Palu,,Naija,M
397,Sassy,,Sanchit,M
398,Illiad,,Odyssey,M
399,Judia,,Alvarez,M
400,Damier,,Derozio,M
401,Shahid,,Escobar,M
402,Tanvir,,Cabello,M
403,Ranveer,,Carillo,M
404,Badshah,,Sanchez,M
405,Maine,,Biswas,M
406,Kya,,Bhardwaj,M
407,Abhi,,Jha,M
408,Chhorke,,Sanchez,M
409,Abhibhara,,Pasta,M
410,Will,,Paolo,M
411,Jinny,,Batista,M
412,Johny,,Muchhal,M
413,Nicola,,Roy,M
414,Alfred,,Sen,M
415,Didier,,Basu,M
416,Martinez,,Bose,M
417,Joùse,,Bhaduri,M
418,Pinku,,Ghosal,M
419,Bubai,,Hathi,M
420,Aveek,,Gada,M
421,Abhijit,,Patrakar,M
422,Abhishek,,Laden,M
423,John,,Obama,M
424,Shahrukh,,Clinton,M
425,Sunn,,Smith,M
426,Meridian,,Escobar,M
427,Nikolai,,Cabello,M
428,Maduro,,Carillo,M
429,Yemma,,Sanchez,M
430,Johor,,Biswas,M
431,Xavier,,Pena,M
432,Shaun,,Murphy,M
433,Janavi,,Sanchez,M
434,Poisson,,Pasta,M
435,Gay,,Paolo,M
436,Sesky,,Batista,M
437,Lloyd,,Muchhal,M
438,Robert,,Roy,M
439,Matthew,,Sen,M
440,Robin,,Basu,M
441,Raven,,Bose,M
442,Tiyush,,Bhaduri,M
443,Palu,,Ghosal,M
444,Sassy,,Hathi,M
445,Illiad,,Gada,M
446,Judia,,Patrakar,M
447,Damier,,Laden,M
448,Shahid,,Obama,M
449,Tanvir,,Zubaid,M
450,Ranveer,,Smith,F
451,Badshah,,Smith,M
452,Joùse,,Ohm,F
453,Pinku,,Watt,M
454,Bubai,,Tesla,F
455,Aveek,,Hitchkok,M
456,Abhijit,,Drogba,M
457,Abhishek,,Juan,M
458,John,,Ramirez,F
459,Shahrukh,,Mama,M
460,Sunn,,Kaka,F
461,Meridian,,Choudhary,M
462,Nikolai,,Banerjee ,M
463,Maduro,,Bachhan,M
464,Yemma,,Abraham,F
465,Johor,,Khan,M
466,Xavier,,Kapoor,F
467,Alhamdulillah,,Shoaib,M
468,Janavi,,Singh,F
469,Poisson,,Patel,M
470,Gay,,Kaha,F
471,Sesky,,Karoon,M
472,Lloyd,,Najao,F
473,Robert,,Yedil,M
474,Matthew,,Nahil,M
475,Robin,,Jha,M
476,Raven,,Sanchez,F
477,Tiyush,,Pasta,M
478,Piu,,Paolo,F
479,Sassy,,Batista,M
480,Illiad,,Muchhal,F
481,Judia,,Roy,M
482,Jamie,,Sen,F
483,Shahid,,Khan,M
484,Tanvir,,Bose,F
485,Ranveer,,Bhaduri,M
486,Badshah,,Ghosal,F
487,Joùse,,Hathi,M
488,Cersie,,Lannister,F
489,Bubai,,Patrakar,M
490,Aveek,,Laden,F
491,Abhijit,,Obama,M
492,Abhishek,,Clinton,F
493,John,,Smith,M
494,Shahrukh,,Escobar,M
495,Sunn,,Cabello,M
496,Meridian,,Carillo,F
497,Nikolai,,Sanchez,M
498,Madira,,Biswas,F
499,Yemma,,Bhardwaj,M
500,Jinnia,,Verma,F